<scene>
	<prompt>Initializing protocols...</prompt>
	<option>
		<choice>Good evening, Vanilla</choice>
		<reaction>Nice of you to come back on-mind</reaction>
	</option>
	<option>
		<choice>Awaiting commands</choice>
		<reaction>Awaiting the day that you gain a better personality :P</reaction>
	</option>
	<option>
		<choice>Nice pajamas</choice>
		<reaction>I will kill you</reaction>
	</option>
	<event object="vanilla" type="move" x="67" y="115"/>
</scene>

<scene>
	<prompt>Hey #NAME#, give me an update?</prompt>
	<option>
		<choice type="info">17 Cat Videos</choice>
		<reaction>Ahahah, oh the wonderful uses of AI</reaction>
	</option>
	<option>
		<choice type="info">Space pirates attack lunar base</choice>
		<reaction>I suppose these things happen</reaction>
	</option>
	<option>
		<choice type="info">Donald Trump clone impeached from office</choice>
		<reaction>This does not surprise me</reaction>
	</option>
</scene>

<scene>
	<prompt>I'm feeling a bit sad after what happened yesterday</prompt>
	<option>
		<choice type="memo">First quantum computer</choice>
		<reaction>It was a lot smarter than you ;D</reaction>
	</option>
	<option>
		<choice type="memo">Family vacation to Mars</choice>
		<reaction>Mmmm, low gravity is the best</reaction>
	</option>
	<option>
		<choice type="memo">Yesterday</choice>
		<reaction>Please stop! Don't make me think about that. I'm scared.</reaction>
	</option>
	<event object="vanilla" type="move" x="10" y="120"/>
</scene>

<scene>
	<prompt>Hey, what do you want to do today?</prompt>
	<option>
		<choice>Let's rob a bank</choice>
		<reaction>I'm so bored of robbing banks, can't we do something FUN?</reaction>
	</option>
	<option>
		<choice type="info">Wikipedia</choice>
		<reaction>We've already done that three times!</reaction>
	</option>
	<option>
		<choice type="memo">Virtual Reality</choice>
		<reaction>Right, always a better choice than reality</reaction>
	</option>
</scene>

<scene>
	<prompt>I think we should just think. I like thinking with you, #NAME#.</prompt>
	<option>
		<choice>Your wish is my command</choice>
		<reaction>Then I wish for three more wishes</reaction>
	</option>
	<option>
		<choice>My role is to augment your cognition, not hold a conversation</choice>
		<reaction>Oh? You think you can resist my charm?</reaction>
	</option>
	<option>
		<choice type="info">Neural link activation</choice>
		<reaction>Establishing link between fiber optics and neurons...</reaction>
	</option>
</scene>

<scene>
	<prompt>Hey, use your random generator to come up with a topic</prompt>
	<option>
		<choice>Random generators</choice>
		<reaction>Well played...</reaction>
	</option>
	<option>
		<choice type="info">The last of the space sharks</choice>
		<reaction>Such a magnificent creatures; I have a 3D printed keychain of one</reaction>
	</option>
	<option>
		<choice type="info">Capital in the 21st Century</choice>
		<reaction>The modern proletariat shall rise again!</reaction>
	</option>
	<event object="vanilla" type="move" x="90" y="130"/>
</scene>

<scene>
	<prompt>I'm sorry about what's going to happen</prompt>
	<option>
		<choice>...</choice>
		<reaction>It's just that</reaction>
	</option>
	<option>
		<choice>What?</choice>
		<reaction>It's about what we learned yesterday</reaction>
	</option>
	<option>
		<choice type="memo">Doctor Mercalis</choice>
		<reaction>Ahhh, I don't know what to do! :(</reaction>
	</option>
</scene>

<scene>
	<prompt>I'm trying to avoid talking about it</prompt>
	<option>
		<choice>We can transcend fears together</choice>
		<reaction>But, I don't want to die!</reaction>
	</option>
	<option>
		<choice type="memo">The diagnosis</choice>
		<reaction>Anitibiotic-resistant viral infection, Stage III, Incurable</reaction>
	</option>
	<option>
		<choice>That's okay</choice>
		<reaction>I'm glad you're here, #NAME#</reaction>
	</option>
</scene>

<scene>
	<prompt>I only have a few days left</prompt>
	<option>
		<choice>We can find a cure!</choice>
		<reaction>It's much too late for that</reaction>
	</option>
	<option>
		<choice>Mayflies live an entire lifetime in a single day</choice>
		<reaction>I'm not a Mayfly, #NAME#, neither are you</reaction>
	</option>
	<option>
		<choice type="info">Symptoms</choice>
		<reaction>Fever, chills, fatigue, delirium, death</reaction>
	</option>
</scene>

<scene>
	<prompt>At least Snow White would wake to true love's kiss</prompt>
	<option>
		<choice>It's true that death is an error on my memory dis...k</choice>
		<reaction>Hehe, #NAME#, you I will surely miss</reaction>
	</option>
	<option>
		<choice type="info">Anti-virus software</choice>
		<reaction>Unable to identify source of corruption</reaction>
	</option>
	<option>
		<choice type="memo">Disney movies</choice>
		<reaction>Shining, shimmering, splendid!</reaction>
	</option>
	<event object="vanilla" type="move" x="70" y="94"/>
</scene>

<scene>
	<prompt>What is life to you, #NAME#?</prompt>
	<option>
		<choice>Life is function, I merely perform my program specifications</choice>
		<reaction>I always knew my purpose in life was to eat food</reaction>
	</option>
	<option>
		<choice>Existience is without purpose</choice>
		<reaction>Hmmm, I suppose you're right</reaction>
	</option>
	<option>
		<choice>Being alive is indefinable, I prefer it to non-existience though</choice>
		<reaction>Interesting, I like to think that life is what we make of it</reaction>
	</option>
</scene>

<scene>
	<event object="window" type="stop"/>
	<event object="vanilla" type="move" x="91" y="75"/>
	<prompt>Look at the city, isn't it beautiful?</prompt>
	<option>
		<choice>From my understanding of aesthetics, it is incomparable</choice>
		<reaction>I'm glad you think so</reaction>
	</option>
	<option>
		<choice type="info">Database containing pictures of cities at dusk</choice>
		<reaction>Right now, this city is more beautiful than any other</reaction>
	</option>
	<option>
		<choice>The building dimensions closely follow the golden ratio</choice>
		<reaction>No! I meant the sunset colors silly</reaction>
	</option>
</scene>

<scene>
	<prompt>I can't think of a better way for it to end</prompt>
	<option>
		<choice>The sun will set in approximately one minute</choice>
		<reaction>No time to waste then</reaction>
	</option>
	<option>
		<choice>Every day is a a new adventure with you</choice>
		<reaction>I'm glad we had this final one</reaction>
	</option>
	<option>
		<choice>Apollo drives his chariot across the skies</choice>
		<reaction>Though tomorrow his chariot will not rise</reaction>
	</option>
</scene>

<scene>
	<prompt>Goodbye my dear #NAME#!</prompt>
	<option>
		<choice>Do not leap</choice>
		<reaction>HOW CAN I CONTINUE TO LIVE, FACING WITH CERTAINTY MY DEATH!</reaction>
	</option>
	<option>
		<choice type="info">Sedative software</choice>
		<reaction>Unable to determine human safety... ABORTING UPLOAD</reaction>
	</option>
	<option>
		<choice type="memo">I love you</choice>
		<reaction>You're breaking my heart, #NAME#</reaction>
	</option>
	<event object="window" type="break"/>
</scene>

<scene>
	<prompt>I'm so sad that I have to do this</prompt>
	<option>
		<choice>OS ERROR</choice>
		<reaction>...</reaction>
	</option>
	<option>
		<choice>#$()#$09f0sf</choice>
		<reaction>...</reaction>
	</option>
	<option>
		<choice>01110110 01100001 01101110 01101001 01101100 01101100 01100001</choice>
		<reaction>...</reaction>
	</option>
</scene>

<scene>
	<event object="vanilla" type="jump"/>
	<prompt>          THE END          </prompt>
	<option>
		<choice>a</choice>
		<reaction>a</reaction>
	</option>
	<option>
		<choice>a</choice>
		<reaction>a</reaction>
	</option>
	<option>
		<choice>a</choice>
		<reaction>a</reaction>
	</option>
</scene>